{
  "parent": "block/cube",
  "textures": {
    "down": "forgegodenapple:block/b10b0ac51b8c33f277533db8edfdada6",
    "up": "forgegodenapple:block/b10b0ac51b8c33f277533db8edfdada6",
    "north": "forgegodenapple:block/b10b0ac51b8c33f277533db8edfdada6",
    "east": "forgegodenapple:block/b10b0ac51b8c33f277533db8edfdada6",
    "south": "forgegodenapple:block/b10b0ac51b8c33f277533db8edfdada6",
    "west": "forgegodenapple:block/b10b0ac51b8c33f277533db8edfdada6",
    "particle": "forgegodenapple:block/b10b0ac51b8c33f277533db8edfdada6"
  },
  "render_type": "solid"
}