{
  "_fv": 73,
  "_type": "recipe",
  "definition": {
    "recipeType": "Brewing",
    "recipeRetstackSize": 1,
    "group": "",
    "cookingBookCategory": "MISC",
    "xpReward": 0.0,
    "cookingTime": 200,
    "craftingBookCategory": "MISC",
    "recipeShapeless": false,
    "brewingInputStack": {
      "value": "POTION:WATER"
    },
    "brewingIngredientStack": {
      "value": "Items.GOLDEN_APPLE#1"
    },
    "brewingReturnStack": {
      "value": "POTION:CUSTOM:Godoenapplepotion"
    },
    "name": "godenapplepotion",
    "namespace": "mod"
  }
}