{
  "_fv": 73,
  "_type": "tool",
  "definition": {
    "toolType": "Pickaxe",
    "renderType": 0,
    "blockingRenderType": 0,
    "texture": "goldpickaxe",
    "customModelName": "Normal",
    "blockingModelName": "Normal blocking",
    "name": "Godenpickaxe",
    "specialInformation": {
      "fixedValue": []
    },
    "creativeTabs": [
      {
        "value": "TOOLS"
      }
    ],
    "efficiency": 30.0,
    "attackSpeed": 1.0,
    "enchantability": 30,
    "damageVsEntity": 10.0,
    "usageCount": 10000,
    "glowCondition": {
      "fixedValue": false
    },
    "repairItems": [
      {
        "value": "CUSTOM:Godeningot"
      }
    ],
    "immuneToFire": true,
    "blockDropsTier": "NETHERITE",
    "blocksAffected": [],
    "stayInGridWhenCrafting": false,
    "damageOnCrafting": false
  }
}