{
  "_fv": 73,
  "_type": "potion",
  "definition": {
    "potionName": "Potion of Godoenapplepotion",
    "splashName": "Splash Potion of Godoenapplepotion",
    "lingeringName": "Lingering Potion of Godoenapplepotion",
    "arrowName": "Arrow of Godoenapplepotion",
    "effects": [
      {
        "effect": {
          "value": "ABSORPTION"
        },
        "duration": 2400,
        "infinite": false,
        "amplifier": 4,
        "ambient": false,
        "showParticles": true
      },
      {
        "effect": {
          "value": "REGENERATION"
        },
        "duration": 200,
        "infinite": false,
        "amplifier": 2,
        "ambient": false,
        "showParticles": true
      },
      {
        "effect": {
          "value": "FIRE_RESISTANCE"
        },
        "duration": 6000,
        "infinite": false,
        "amplifier": 0,
        "ambient": false,
        "showParticles": true
      },
      {
        "effect": {
          "value": "RESISTANCE"
        },
        "duration": 6000,
        "infinite": false,
        "amplifier": 0,
        "ambient": false,
        "showParticles": true
      }
    ]
  }
}